UTC time, Altitude (m MSL), Altitude (m AGL), Pressure (Pascal), Speed (m/s), Heading (degrees), Temperature (C), Relative humidity (%), Internal temperature (C), Latitude, Longitude, Rise speed (m/s)
17:05:07, 80, 0, 100526, 2.35, 350.70, 29.87, 30.70, 33.75, 41.467680, 1.921600, 0
17:05:09, 80, 0, 100524, 1.55, 342.20, 29.50, 30.45,  ,  ,  , 0
17:05:10, 80, 0, 100524, 1.15, 3.90, 29.36, 30.50,  , 41.467722, 1.921588, 0
17:05:11, 80, 0, 100521, 1.15, 14.80, 29.23, 30.65,  ,  ,  , 0
17:05:12, 80, 0, 100519, 1.10, 63.00, 29.16, 31.00,  ,  ,  , 0
17:05:13, 81, 1, 100518, 1.15, 112.80, 29.19, 31.60,  , 41.467740, 1.921610, 0
17:05:14, 83, 3, 100490, 2.45, 166.60, 29.09, 31.70,  ,  ,  , 0.2
17:05:15, 85, 5, 100463, 0.40, 9.90, 28.94, 31.60,  ,  ,  , 0.4
17:05:16, 88, 8, 100436, 0.60, 67.60, 28.79, 31.65,  , 41.467728, 1.921635, 0.6
17:05:17, 90, 10, 100407, 1.10, 99.10, 28.66, 31.75,  ,  ,  , 0.8
17:05:18, 93, 13, 100380, 5.75, 202.50, 28.53, 31.85,  ,  ,  , 1.1
17:05:19, 95, 15, 100354, 6.45, 146.40, 28.49, 32.10,  , 41.467647, 1.921660, 1.3
17:05:20, 98, 18, 100322, 4.80, 150.50, 28.71, 32.50,  ,  ,  , 1.4
17:05:21, 101, 21, 100290, 4.70, 185.80, 29.10, 32.90,  ,  ,  , 1.5
17:05:22, 104, 24, 100258, 6.95, 167.80, 29.53, 32.95,  , 41.467513, 1.921715, 1.8
17:05:23, 108, 28, 100213, 7.25, 165.60, 30.03, 32.80,  ,  ,  , 2.3
17:05:24, 111, 31, 100170, 8.95, 182.40, 30.71, 32.60,  ,  ,  , 2.6
17:05:25, 115, 35, 100128, 3.85, 175.80, 31.30, 32.05,  , 41.467325, 1.921748, 2.9
17:05:26, 119, 39, 100088, 7.20, 217.20, 31.96, 31.20,  ,  ,  , 3.0
17:05:27, 123, 43, 100047, 6.95, 201.40, 32.68, 30.70,  ,  ,  , 3.1
17:05:28, 126, 46, 100006, 5.80, 178.90, 33.07, 29.55,  , 41.467163, 1.921680, 3.2
17:05:29, 129, 49, 99975, 8.80, 189.90, 33.32, 28.65,  ,  ,  , 3.2
17:05:30, 132, 52, 99946, 8.00, 182.00, 33.19, 27.70,  ,  ,  , 3.2
17:05:31, 134, 54, 99918, 5.70, 166.40, 32.95, 27.00,  , 41.466967, 1.921677, 3.2
17:05:33, 144, 64, 99810, 5.05, 151.20, 32.26, 26.55,  ,  ,  , 3.6
17:05:34, 149, 69, 99756, 7.20, 187.80, 32.02, 26.80, 35.25, 41.466795, 1.921728, 3.7
17:05:35, 155, 75, 99694, 8.25, 162.40, 31.82, 27.20,  ,  ,  , 3.9
17:05:36, 160, 80, 99632, 8.80, 185.50, 31.78, 27.60,  ,  ,  , 4.1
17:05:37, 166, 86, 99570, 5.55, 154.60, 31.77, 27.90,  , 41.466572, 1.921745, 4.2
17:05:38, 168, 88, 99548, 9.85, 177.90, 31.73, 28.05,  ,  ,  , 4.1
17:05:39, 170, 90, 99527, 8.05, 156.50, 31.62, 28.10,  ,  ,  , 3.9
17:05:40, 172, 92, 99506, 7.10, 203.70, 31.49, 28.20,  , 41.466363, 1.921788, 3.8
17:05:41, 179, 99, 99424, 8.90, 193.70, 31.48, 28.30,  ,  ,  , 4.2
17:05:42, 186, 106, 99343, 8.55, 202.40, 31.41, 28.50,  ,  ,  , 4.6
17:05:43, 194, 114, 99262, 6.75, 213.20, 31.32, 28.60,  , 41.466180, 1.921720, 4.9
17:05:44, 202, 122, 99169,  , 178.60, 31.25, 28.70,  ,  ,  , 5.2
17:05:45, 211, 131, 99075, 4.75, 162.10, 31.23, 28.85,  ,  ,  , 5.5
17:05:46, 219, 139, 98982, 0.10, 162.10, 31.27, 29.00,  , 41.466048, 1.921723, 5.8
17:05:47, 231, 151, 98855, 7.60, 206.70, 31.29, 29.10,  ,  ,  , 6.3
17:05:48, 241, 161, 98736, 5.75, 171.60, 31.27, 29.05,  ,  ,  , 6.7
17:05:49, 252, 172, 98618, 2.85, 204.70, 31.15, 29.00,  , 41.465913, 1.921683, 7.2
17:05:50, 260, 180, 98533, 4.35, 189.80, 31.07, 29.00,  ,  ,  , 7.7
17:05:51, 268, 188, 98446, 2.25, 107.50, 30.86, 28.95,  ,  ,  , 8.2
17:05:52, 276, 196, 98360, 4.75, 223.20, 30.63, 29.00,  , 41.465842, 1.921675, 8.7
17:05:54, 295, 215, 98144, 6.30, 138.70, 30.30, 29.30,  ,  ,  , 9.1
17:05:55, 305, 225, 98038, 3.80, 171.00, 30.15, 29.50,  , 41.465718, 1.921722, 9.3
17:05:56, 315, 235, 97929, 4.55, 147.30, 29.96, 29.65,  ,  ,  , 9.3
17:05:57, 325, 245, 97825, 6.25, 176.00, 29.80, 29.90,  ,  ,  , 9.4
17:05:58, 334, 254, 97722, 2.35, 175.50, 29.66, 30.10,  , 41.465600, 1.921755, 9.5
17:06:00, 344, 264, 97615, 6.85, 128.30, 29.52, 30.30,  ,  ,  , 9.4
17:06:01, 353, 273, 97513, 2.65, 114.90, 29.36, 30.45,  ,  ,  , 9.2
17:06:02, 362, 282, 97412, 5.30, 87.30, 29.21, 30.60, 36.00, 41.465543, 1.921873, 9.1
17:06:03, 370, 290, 97332, 2.95, 106.30, 29.11, 30.85,  ,  ,  , 9.0
17:06:04, 377, 297, 97256, 1.35, 232.50, 28.99, 31.00,  ,  ,  , 9.0
17:06:05, 384, 304, 97180, 2.40, 70.30, 28.87, 31.15,  , 41.465527, 1.921927, 8.9
17:06:09, 433, 353, 96643, 2.95, 55.50, 27.77, 31.30,  ,  ,  , 9.1
17:06:10, 443, 363, 96532, 0.05, 55.50, 27.48, 31.45,  , 41.465553, 1.922050, 9.2
17:06:11, 453, 373, 96428, 3.15, 112.80, 27.26, 31.65,  ,  ,  , 9.2
17:06:12, 463, 383, 96322, 1.65, 175.00, 27.01, 31.90,  ,  ,  , 9.3
17:06:13, 472, 392, 96216, 1.05, 359.30, 26.76, 32.15,  , 41.465523, 1.922082, 9.3
17:06:14, 482, 402, 96114, 1.80, 287.10, 26.57, 32.50,  ,  ,  , 9.3
17:06:15, 491, 411, 96016, 1.80, 287.10, 26.37, 33.00,  ,  ,  , 9.4
17:06:16, 500, 420, 95918, 0.05, 271.60, 26.17, 33.35,  , 41.465533, 1.922015, 9.6
17:06:17, 508, 428, 95823, 4.10, 243.50, 26.00, 33.70,  ,  ,  , 9.7
17:06:18, 517, 437, 95731, 5.85, 252.90, 25.89, 34.05,  ,  ,  , 9.6
17:06:19, 525, 445, 95640, 3.30, 187.80, 25.74, 34.25,  , 41.465488, 1.921902, 9.5
17:06:20, 533, 453, 95558, 1.50, 221.30, 25.61, 34.55,  ,  ,  , 9.4
17:06:21, 541, 461, 95476, 3.20, 247.60, 25.51, 34.85,  ,  ,  , 8.9
17:06:22, 548, 468, 95394, 1.80, 279.80, 25.41, 35.15,  , 41.465452, 1.921845, 8.7
17:06:23, 555, 475, 95323, 5.10, 258.60, 25.31, 35.35,  ,  ,  , 8.5
17:06:24, 561, 481, 95250, 6.15, 267.60, 25.23, 35.60,  ,  ,  , 8.2
17:06:25, 568, 488, 95178, 2.30, 312.70, 25.16, 35.85,  , 41.465447, 1.921692, 8.0
17:06:29, 593, 513, 94905, 3.80, 233.80, 24.82, 36.50,  ,  ,  , 7.2
17:06:30, 600, 520, 94837, 3.50, 251.60, 24.75, 36.60,  ,  ,  , 7.0
17:06:31, 606, 526, 94770, 4.10, 255.90, 24.64, 36.75,  , 41.465385, 1.921430, 6.9
17:06:32, 611, 531, 94717, 3.05, 232.90, 24.47, 36.75,  ,  ,  , 6.5
17:06:33, 616, 536, 94666, 2.25, 248.90, 24.32, 36.90,  ,  ,  , 6.2
17:06:34, 620, 540, 94616, 4.60, 240.80, 24.17, 37.00,  , 41.465335, 1.921327, 6.0
17:06:36, 632, 552, 94486, 3.50, 239.20, 23.90, 37.40,  ,  ,  , 6.0
17:06:37, 638, 558, 94420, 4.20, 261.50, 23.84, 37.65,  , 41.465310, 1.921212, 5.9
17:06:39, 653, 573, 94262, 3.25, 237.00, 23.67, 38.00,  ,  ,  , 6.1
17:06:40, 660, 580, 94184, 4.40, 295.00, 23.59, 38.15,  , 41.465292, 1.921118, 6.1
17:06:42, 676, 596, 94012, 3.70, 264.50, 23.59, 38.60,  ,  ,  , 6.4
17:06:43, 684, 604, 93926, 3.40, 290.30, 23.59, 38.75,  , 41.465305, 1.920998, 6.5
17:06:45, 701, 621, 93751, 4.60, 277.30, 23.59, 38.85,  ,  ,  , 6.9
17:06:46, 709, 629, 93664, 4.15, 277.90, 23.56, 38.85,  , 41.465322, 1.920870, 7.2
17:06:48, 725, 645, 93496, 3.75, 284.20, 23.43, 38.95,  ,  ,  , 7.7
17:06:49, 732, 652, 93414, 3.75, 237.60, 23.34, 38.90,  , 41.465340, 1.920782, 7.8
17:06:51, 747, 667, 93258, 4.00, 307.70, 23.16, 39.05,  ,  ,  , 7.8
17:06:52, 754, 674, 93178, 0.05, 307.70, 23.06, 39.15,  , 41.465373, 1.920712, 7.8
17:06:55, 777, 697, 92938, 2.75, 256.10, 22.84, 39.35, 33.75, 41.465390, 1.920628, 7.7
17:06:56, 784, 704, 92867, 4.20, 288.20, 22.75, 39.45,  ,  ,  , 7.6
17:06:57, 790, 710, 92795, 0.10, 288.20, 22.67, 39.55,  ,  ,  , 7.5
17:06:58, 797, 717, 92724, 4.30, 332.10, 22.61, 39.65,  , 41.465413, 1.920548, 7.4
17:06:59, 804, 724, 92651, 2.95, 264.80, 22.56, 39.70,  ,  ,  , 7.3
17:07:00, 811, 731, 92578, 2.25, 267.80, 22.50, 39.75,  ,  ,  , 7.3
17:07:01, 818, 738, 92506, 4.20, 324.80, 22.45, 39.75,  , 41.465453, 1.920468, 7.2
17:07:02, 825, 745, 92426, 1.10, 41.90, 22.41, 39.85,  ,  ,  , 7.2
17:07:03, 833, 753, 92347, 3.45, 345.70, 22.39, 39.85,  ,  ,  , 7.1
17:07:04, 840, 760, 92268, 5.20, 327.40, 22.36, 39.90,  , 41.465528, 1.920440, 7.1
17:07:05, 847, 767, 92198, 2.20, 347.70, 22.27, 39.90,  ,  ,  , 7.1
17:07:06, 853, 773, 92130, 5.55, 316.70, 22.21, 39.95,  ,  ,  , 7.0
17:07:07, 860, 780, 92062, 5.30, 18.40, 22.17, 40.10,  , 41.465628, 1.920383, 6.9
17:07:08, 864, 784, 92014, 4.10, 331.60, 22.09, 40.10,  ,  ,  , 6.7
17:07:09, 869, 789, 91966, 6.15, 4.30, 22.01, 39.85,  ,  ,  , 6.5
17:07:10, 873, 793, 91918, 7.85, 23.60, 21.93, 39.70,  , 41.465772, 1.920395, 6.3
17:07:11, 878, 798, 91869, 6.20, 327.50, 21.83, 39.45,  ,  ,  , 6.1
17:07:12, 882, 802, 91821, 5.20, 28.40, 21.75, 39.25,  ,  ,  , 6.0
17:07:13, 887, 807, 91774, 3.70, 3.50, 21.67, 39.30,  , 41.465900, 1.920400, 5.8
17:07:14, 894, 814, 91699, 3.45, 311.60, 21.60, 39.40,  ,  ,  , 5.7
17:07:15, 901, 821, 91625, 4.30, 33.90, 21.58, 39.60,  ,  ,  , 5.7
17:07:16, 908, 828, 91552, 4.30, 351.00, 21.57, 39.70,  , 41.466002, 1.920398, 5.6
17:07:17, 915, 835, 91482, 3.20, 2.40, 21.46, 39.70,  ,  ,  , 5.6
17:07:18, 921, 841, 91413, 7.75, 39.80, 21.38, 39.70,  ,  ,  , 5.7
17:07:19, 928, 848, 91344, 1.90, 25.40, 21.28, 39.65,  , 41.466107, 1.920463, 5.7
17:07:20, 935, 855, 91268, 3.75, 25.80, 21.19, 39.75,  ,  ,  , 5.9
17:07:21, 942, 862, 91193, 6.30, 56.60, 21.11, 39.85,  ,  ,  , 6.1
17:07:22, 949, 869, 91118, 8.20, 68.40, 21.02, 39.95, 33.25, 41.466190, 1.920600, 6.3
17:07:23, 954, 874, 91064, 4.40, 34.50, 20.94, 40.10,  ,  ,  , 6.3
17:07:24, 960, 880, 91006, 5.65, 75.30, 20.84, 40.15,  ,  ,  , 6.3
17:07:25, 966, 886, 90948, 8.65, 50.80, 20.77, 40.35,  , 41.466272, 1.920775, 6.4
17:07:26, 969, 889, 90910, 2.95, 81.20, 20.69, 40.60,  ,  ,  , 6.3
17:07:27, 973, 893, 90874, 4.45, 51.00, 20.67, 40.95,  ,  ,  , 6.1
17:07:28, 976, 896, 90838, 7.00, 40.60, 20.60, 41.15,  , 41.466353, 1.920918, 5.8
17:07:41, 1037, 957, 90203, 2.55, 31.10, 19.87, 42.60,  ,  ,  , 4.7
17:07:42, 1041, 961, 90154, 5.40, 48.70, 19.80, 42.70,  ,  ,  , 4.7
17:07:43, 1046, 966, 90106, 2.05, 329.00, 19.75, 42.75,  , 41.466958, 1.921533, 4.7
17:07:44, 1052, 972, 90041,  ,  , 19.69, 42.85,  ,  ,  , 4.8
17:07:45, 1059, 979, 89976,  ,  , 19.63, 42.85,  ,  ,  , 4.9
17:07:46, 1065, 985, 89912,  ,  , 19.54, 42.75,  ,  ,  , 4.9
17:07:48, 1079, 999, 89758, 1.95, 53.60, 19.36, 42.65,  ,  ,  , 5.2
17:07:49, 1087, 1007, 89682, 6.05, 42.40, 19.28, 42.70, 31.75, 41.467058, 1.921703, 5.3
17:07:50, 1092, 1012, 89627, 2.90, 56.40, 19.20, 42.85,  ,  ,  , 5.3
17:07:51, 1097, 1017, 89574, 4.30, 68.50, 19.12, 43.05,  ,  ,  , 5.3
17:07:52, 1102, 1022, 89522, 8.85, 43.10, 19.00, 43.15,  , 41.467128, 1.921852, 5.3
17:07:54, 1110, 1030, 89436, 4.40, 57.90, 18.78, 43.25,  ,  ,  , 5.8
17:07:55, 1115, 1035, 89394, 4.65, 96.50, 18.68, 43.25,  , 41.467158, 1.922007, 5.7
17:07:56, 1118, 1038, 89360, 1.25, 33.20, 18.56, 43.35,  ,  ,  , 5.5
17:07:57, 1121, 1041, 89327, 4.25, 55.10, 18.46, 43.50,  ,  ,  , 5.2
17:07:58, 1124, 1044, 89294, 2.10, 111.70, 18.39, 43.70,  , 41.467170, 1.922107, 4.9
17:07:59, 1128, 1048, 89254, 2.40, 64.70, 18.32, 43.85,  ,  ,  , 4.9
17:08:00, 1132, 1052, 89215, 2.90, 72.60, 18.24, 43.95,  ,  ,  , 4.4
17:08:01, 1136, 1056, 89176, 4.10, 136.40, 18.19, 44.00,  , 41.467152, 1.922207, 4.1
17:08:02, 1139, 1059, 89136, 2.35, 91.80, 18.14, 44.15,  ,  ,  , 3.9
17:08:03, 1143, 1063, 89098, 4.65, 96.30, 18.10, 44.25,  ,  ,  , 3.8
17:08:04, 1147, 1067, 89060, 0.10, 96.30, 18.04, 44.35,  , 41.467127, 1.922313, 3.7
17:08:05, 1150, 1070, 89023, 4.10, 92.90, 17.97, 44.45,  ,  ,  , 3.7
17:08:06, 1154, 1074, 88986, 1.15, 129.50, 17.91, 44.60,  ,  ,  , 3.6
17:08:07, 1157, 1077, 88950, 4.15, 53.00, 17.83, 44.85,  , 41.467130, 1.922397, 3.6
17:08:09, 1164, 1084, 88880, 2.25, 112.10, 17.72, 45.25,  ,  ,  , 3.6
17:08:10, 1167, 1087, 88846, 3.40, 123.20, 17.67, 45.50,  , 41.467105, 1.922478, 3.6
17:08:11, 1171, 1091, 88810, 1.15, 299.50, 17.64, 45.70,  ,  ,  , 3.6
17:08:12, 1174, 1094, 88775, 3.05, 125.10, 17.59, 45.95,  ,  ,  , 3.5
17:08:13, 1178, 1098, 88740, 2.35, 94.40, 17.54, 46.10,  , 41.467083, 1.922528, 3.5
17:08:14, 1181, 1101, 88704, 1.10, 78.00, 17.51, 46.25,  ,  ,  , 3.5
17:08:15, 1185, 1105, 88669, 2.50, 98.30, 17.46, 46.35,  ,  ,  , 3.5
17:08:16, 1188, 1108, 88634, 2.05, 76.00, 17.42, 46.50, 30.25, 41.467072, 1.922603, 3.5
17:08:17, 1191, 1111, 88602, 2.00, 130.20, 17.37, 46.65,  ,  ,  , 3.4
17:08:18, 1194, 1114, 88571, 3.65, 82.00, 17.33, 46.80,  ,  ,  , 3.3
17:08:19, 1197, 1117, 88540, 2.00, 54.10, 17.29, 46.90,  , 41.467067, 1.922687, 3.3
17:08:20, 1199, 1119, 88518, 4.50, 92.30, 17.26, 46.95,  ,  ,  , 3.2
17:08:21, 1201, 1121, 88496, 3.10, 35.60, 17.25, 47.05,  ,  ,  , 3.1
17:08:22, 1203, 1123, 88474, 5.10, 76.10, 17.22, 47.20,  , 41.467092, 1.922797, 3.0
17:08:23, 1206, 1126, 88446, 0.05, 76.10, 17.17, 47.30,  ,  ,  , 3.0
17:08:24, 1209, 1129, 88419, 0.10, 76.10, 17.14, 47.45,  ,  ,  , 2.9
17:08:25, 1211, 1131, 88392, 0.10, 76.10, 17.12, 47.55,  , 41.467092, 1.922852, 2.9
17:08:26, 1215, 1135, 88359, 0.15, 76.10, 17.09, 47.65,  ,  ,  , 2.8
17:08:27, 1218, 1138, 88325, 3.35, 145.50, 17.05, 47.85,  ,  ,  , 2.8
17:08:28, 1221, 1141, 88292, 2.05, 81.00, 17.01, 47.90,  , 41.467050, 1.922907, 2.8
17:08:29, 1225, 1145, 88252, 2.80, 128.40, 16.98, 47.95,  ,  ,  , 2.8
17:08:30, 1229, 1149, 88215, 2.45, 43.80, 16.95, 48.05,  ,  ,  , 2.9
17:08:31, 1232, 1152, 88178, 0.05, 43.80, 16.92, 48.15,  , 41.467050, 1.922967, 2.9
17:08:32, 1236, 1156, 88139,  ,  , 16.87, 48.25,  ,  ,  , 3.0
17:08:33, 1240, 1160, 88096,  ,  , 16.84, 48.40,  ,  ,  , 3.2
17:08:34, 1244, 1164, 88054,  ,  , 16.82, 48.45,  ,  ,  , 3.3
17:08:35, 1248, 1168, 88011, 3.25, 106.60, 16.78, 48.50,  ,  ,  , 3.5
17:08:36, 1252, 1172, 87972, 0.05, 106.60, 16.73, 48.60,  ,  ,  , 3.6
17:08:37, 1256, 1176, 87934, 0.15, 106.60, 16.72, 48.65,  , 41.467043, 1.923137, 3.7
17:08:39, 1263, 1183, 87864, 0.10, 68.20, 16.63, 48.90,  ,  ,  , 3.7
17:08:40, 1266, 1186, 87828, 2.65, 85.50, 16.58, 49.00,  , 41.467065, 1.923205, 3.8
17:08:41, 1270, 1190, 87792, 2.15, 65.70, 16.54, 49.10,  ,  ,  , 3.7
17:08:42, 1273, 1193, 87757, 3.35, 172.40, 16.51, 49.15,  ,  ,  , 3.7
17:08:43, 1277, 1197, 87722, 3.00, 56.60, 16.47, 49.25, 28.75, 41.467035, 1.923275, 3.7
17:08:44, 1279, 1199, 87697, 3.25, 107.20, 16.43, 49.30,  ,  ,  , 3.6
17:08:45, 1281, 1201, 87672, 3.30, 115.00, 16.41, 49.40,  ,  ,  , 3.4
17:08:46, 1284, 1204, 87648, 1.75, 31.10, 16.37, 49.55,  , 41.467013, 1.923377, 3.3
17:08:47, 1286, 1206, 87625, 3.55, 85.60, 16.34, 49.65,  ,  ,  , 3.2
17:08:48, 1288, 1208, 87602, 3.40, 103.70, 16.31, 49.75,  ,  ,  , 3.1
17:08:49, 1290, 1210, 87580, 3.30, 105.80, 16.27, 49.85,  , 41.467000, 1.923493, 3.0
17:08:50, 1293, 1213, 87556, 6.30, 95.20, 16.24, 49.95,  ,  ,  , 2.8
17:08:51, 1295, 1215, 87533, 2.95, 63.30, 16.22, 50.00,  ,  ,  , 2.8
17:08:52, 1297, 1217, 87510, 5.65, 119.80, 16.20, 50.10,  , 41.466980, 1.923660, 2.7
17:08:54, 1303, 1223, 87446, 6.30, 123.10, 16.14, 50.25,  ,  ,  , 2.5
17:08:55, 1306, 1226, 87416, 5.95, 91.20, 16.12, 50.30,  , 41.466925, 1.923847, 2.5
17:08:56, 1309, 1229, 87388, 4.55, 124.50, 16.10, 50.30,  ,  ,  , 2.5
17:08:57, 1312, 1232, 87360, 6.40, 112.20, 16.07, 50.40,  ,  ,  , 2.5
17:08:58, 1315, 1235, 87332, 2.95, 139.50, 16.05, 50.45,  , 41.466860, 1.924010, 2.6
17:08:59, 1317, 1237, 87308, 8.15, 128.50, 16.02, 50.50,  ,  ,  , 2.6
17:09:00, 1319, 1239, 87286, 3.95, 123.10, 15.99, 50.60,  ,  ,  , 2.6
17:09:01, 1321, 1241, 87264, 4.75, 140.30, 15.97, 50.65,  , 41.466763, 1.924158, 2.6
17:09:02, 1324, 1244, 87239, 6.40, 118.10, 15.95, 50.70,  ,  ,  , 2.6
17:09:03, 1326, 1246, 87214, 2.90, 140.90, 15.92, 50.75,  ,  ,  , 2.6
17:09:04, 1328, 1248, 87190, 5.55, 123.00, 15.90, 50.85,  , 41.466682, 1.924298, 2.6
17:09:06, 1333, 1253, 87143, 5.30, 138.80, 15.83, 51.15,  ,  ,  , 2.5
17:09:07, 1335, 1255, 87120, 4.40, 95.00, 15.81, 51.25,  , 41.466622, 1.924458, 2.4
17:09:09, 1340, 1260, 87076, 7.25, 107.90, 15.75, 51.40,  ,  ,  , 2.3
17:09:10, 1342, 1262, 87054, 2.80, 101.40, 15.72, 51.45, 27.25, 41.466562, 1.924627, 2.3
17:09:12, 1346, 1266, 87012, 6.60, 105.60, 15.65, 51.55,  ,  ,  , 2.2
17:09:13, 1348, 1268, 86992, 3.00, 113.00, 15.64, 51.65,  , 41.466520, 1.924792, 2.2
17:09:15, 1353, 1273, 86937, 4.65, 109.70, 15.61, 51.70,  ,  ,  , 2.3
17:09:16, 1356, 1276, 86910, 5.20, 109.90, 15.58, 51.75,  , 41.466478, 1.924965, 2.3
17:09:18, 1362, 1282, 86842, 3.50, 81.30, 15.53, 51.85,  ,  ,  , 2.4
17:09:19, 1366, 1286, 86810, 7.15, 117.20, 15.51, 51.95,  , 41.466428, 1.925150, 2.5
17:09:24, 1381, 1301, 86658, 6.55, 91.60, 15.39, 52.25,  ,  ,  , 2.9
17:09:25, 1384, 1304, 86628, 5.00, 127.10, 15.37, 52.30,  , 41.466372, 1.925482, 3.0
17:09:26, 1387, 1307, 86592, 3.90, 89.10, 15.33, 52.30,  ,  ,  , 3.0
17:09:27, 1390, 1310, 86558, 5.80, 118.70, 15.32, 52.35,  ,  ,  , 3.1
17:09:28, 1394, 1314, 86524, 2.25, 78.70, 15.28, 52.40,  , 41.466340, 1.925635, 3.1
17:09:29, 1397, 1317, 86489, 7.10, 112.80, 15.25, 52.45,  ,  ,  , 3.2
17:09:30, 1401, 1321, 86452, 3.30, 86.00, 15.22, 52.50,  ,  ,  , 3.2
17:09:31, 1404, 1324, 86416, 5.70, 108.50, 15.19, 52.55,  , 41.466313, 1.925810, 3.2
17:09:32, 1408, 1328, 86375, 2.95, 117.30, 15.16, 52.65,  ,  ,  , 3.3
17:09:33, 1413, 1333, 86334, 5.60, 88.00, 15.13, 52.70,  ,  ,  , 3.4
17:09:34, 1416, 1336, 86294, 3.20, 147.70, 15.09, 52.80,  , 41.466282, 1.925960, 3.4
17:09:36, 1425, 1345, 86211, 6.35, 109.10, 15.02, 52.90,  ,  ,  , 3.5
17:09:37, 1429, 1349, 86170, 4.60, 63.40, 14.99, 53.00, 26.25, 41.466278, 1.926153, 3.7
17:09:38, 1433, 1353, 86130, 5.55, 119.60, 14.94, 53.05,  ,  ,  , 3.8
17:09:39, 1436, 1356, 86093, 4.70, 101.80, 14.91, 53.15,  ,  ,  , 3.8
17:09:40, 1440, 1360, 86056, 4.90, 90.70, 14.87, 53.25,  , 41.466247, 1.926347, 3.8
17:09:41, 1444, 1364, 86018, 3.30, 117.50, 14.86, 53.35,  ,  ,  , 3.9
17:09:42, 1447, 1367, 85981, 5.95, 88.60, 14.85, 53.45,  ,  ,  , 3.9
17:09:43, 1451, 1371, 85944, 5.30, 83.50, 14.83, 53.50,  , 41.466230, 1.926525, 3.9
17:09:44, 1455, 1375, 85899, 5.00, 104.10, 14.78, 53.55,  ,  ,  , 3.9
17:09:45, 1460, 1380, 85857, 5.15, 98.00, 14.74, 53.60,  ,  ,  , 3.9
17:09:46, 1464, 1384, 85816, 3.25, 95.90, 14.70, 53.65,  , 41.466208, 1.926702, 3.9
17:09:48, 1468, 1388, 85774, 6.70, 82.80, 14.66, 53.75,  ,  ,  , 3.9
17:09:49, 1472, 1392, 85734, 2.85, 116.90, 14.63, 53.80,  ,  ,  , 3.9
17:09:50, 1476, 1396, 85694, 6.45, 103.90, 14.59, 53.90,  , 41.466193, 1.926882, 3.9
17:09:51, 1480, 1400, 85652, 3.80, 82.30, 14.56, 54.00,  ,  ,  , 3.9
17:09:52, 1484, 1404, 85611, 6.10, 124.10, 14.50, 54.05,  ,  ,  , 3.9
17:09:53, 1488, 1408, 85570, 5.65, 101.70, 14.46, 54.20,  , 41.466148, 1.927072, 4.0
17:09:57, 1506, 1426, 85387, 4.70, 91.10, 14.25, 54.75,  ,  ,  , 3.9
17:09:58, 1510, 1430, 85350, 5.90, 149.00, 14.21, 54.85,  , 41.466047, 1.927423, 3.9
17:09:59, 1513, 1433, 85320, 5.65, 101.00, 14.17, 54.95,  ,  ,  , 3.8
17:10:00, 1516, 1436, 85292, 3.40, 156.90, 14.12, 55.10,  ,  ,  , 3.7
17:10:01, 1518, 1438, 85264, 6.50, 117.80, 14.09, 55.25,  , 41.465968, 1.927563, 3.6
17:10:02, 1522, 1442, 85231, 5.65, 107.70, 14.05, 55.35,  ,  ,  , 3.6
17:10:03, 1525, 1445, 85198, 3.05, 107.40, 14.03, 55.50,  ,  ,  , 3.5
17:10:04, 1528, 1448, 85166, 6.00, 121.60, 14.00, 55.60, 25.25, 41.465915, 1.927728, 3.4
17:10:05, 1531, 1451, 85143, 4.25, 84.20, 13.97, 55.70,  ,  ,  , 3.3
17:10:06, 1533, 1453, 85119, 5.00, 141.20, 13.91, 55.85,  ,  ,  , 3.2
17:10:07, 1535, 1455, 85096, 7.00, 98.40, 13.89, 55.95,  , 41.465857, 1.927893, 3.2
17:10:09, 1540, 1460, 85052, 4.65, 131.60, 13.84, 56.15,  ,  ,  , 2.8
17:10:10, 1542, 1462, 85030, 8.65, 116.70, 13.81, 56.25,  , 41.465755, 1.928078, 2.6
17:10:11, 1544, 1464, 85007, 5.00, 139.40, 13.78, 56.35,  ,  ,  , 2.6
17:10:12, 1546, 1466, 84985, 6.35, 115.00, 13.75, 56.40,  ,  ,  , 2.6
17:10:13, 1548, 1468, 84964, 6.95, 121.50, 13.74, 56.50,  , 41.465660, 1.928275, 2.5
17:10:14, 1550, 1470, 84943, 4.20, 132.10, 13.70, 56.60,  ,  ,  , 2.5
17:10:15, 1552, 1472, 84922, 5.75, 133.60, 13.69, 56.65,  ,  ,  , 2.4
17:10:16, 1555, 1475, 84902, 5.35, 95.80, 13.66, 56.70,  , 41.465582, 1.928435, 2.3
17:10:17, 1557, 1477, 84882, 5.60, 143.30, 13.65, 56.70,  ,  ,  , 2.2
17:10:18, 1559, 1479, 84862, 6.70, 104.30, 13.61, 56.65,  ,  ,  , 2.1
17:10:19, 1561, 1481, 84842, 5.30, 135.70, 13.59, 56.55,  , 41.465500, 1.928615, 2.1
17:10:20, 1562, 1482, 84824, 9.10, 107.20, 13.58, 56.50,  ,  ,  , 2.1
17:10:21, 1564, 1484, 84807, 3.40, 127.70, 13.56, 56.35,  ,  ,  , 2.0
17:10:22, 1566, 1486, 84790, 8.55, 123.10, 13.55, 56.25,  , 41.465407, 1.928830, 2.0
17:10:24, 1568, 1488, 84771, 8.95, 133.70, 13.54, 56.10,  ,  ,  , 1.8
17:10:25, 1568, 1488, 84762, 4.00, 91.00, 13.53, 56.05,  , 41.465320, 1.929042, 1.7
17:10:26, 1570, 1490, 84751, 7.15, 132.30, 13.53, 56.00,  ,  ,  , 1.6
17:10:27, 1571, 1491, 84741, 5.80, 111.60, 13.52, 55.90,  ,  ,  , 1.5
17:10:28, 1571, 1491, 84732, 5.90, 115.60, 13.52, 55.85,  , 41.465240, 1.929235, 1.4
17:10:29, 1573, 1493, 84718, 8.50, 118.50, 13.50, 55.80,  ,  ,  , 1.4
17:10:30, 1574, 1494, 84704, 3.75, 119.20, 13.50, 55.80,  ,  ,  , 1.4
17:10:31, 1576, 1496, 84690, 8.40, 111.90, 13.47, 55.80, 24.25, 41.465158, 1.929453, 1.3
17:10:32, 1577, 1497, 84675, 4.35, 131.90, 13.47, 55.80,  ,  ,  , 1.2
17:10:33, 1578, 1498, 84661, 7.65, 103.10, 13.46, 55.75,  ,  ,  , 1.2
17:10:34, 1580, 1500, 84648, 5.45, 137.10, 13.46, 55.75,  , 41.465078, 1.929660, 1.2
17:10:35, 1581, 1501, 84633, 7.70, 100.90, 13.45, 55.65,  ,  ,  , 1.2
17:10:36, 1583, 1503, 84619, 6.70, 135.90, 13.43, 55.60,  ,  ,  , 1.3
17:10:37, 1584, 1504, 84606, 6.60, 100.30, 13.42, 55.65,  , 41.465000, 1.929877, 1.3
17:10:38, 1586, 1506, 84591, 7.05, 121.30, 13.41, 55.65,  ,  ,  , 1.3
17:10:39, 1587, 1507, 84576, 5.40, 129.60, 13.41, 55.55,  ,  ,  , 1.3
17:10:40, 1588, 1508, 84562, 9.25, 106.20, 13.40, 55.50,  , 41.464917, 1.930095, 1.4
17:10:41, 1590, 1510, 84549, 4.60, 124.70, 13.38, 55.50,  ,  ,  , 1.4
17:10:42, 1591, 1511, 84536, 8.10, 116.90, 13.37, 55.60,  ,  ,  , 1.4
17:10:43, 1592, 1512, 84524, 6.65, 114.30, 13.34, 55.70,  , 41.464838, 1.930318, 1.4
17:10:44, 1594, 1514, 84507, 6.25, 113.30, 13.33, 55.80,  ,  ,  , 1.4
17:10:45, 1596, 1516, 84491, 8.75, 117.00, 13.32, 55.85,  ,  ,  , 1.4
17:10:46, 1597, 1517, 84476, 4.30, 100.40, 13.30, 55.95,  , 41.464767, 1.930545, 1.4
17:10:47, 1599, 1519, 84457, 6.40, 118.00, 13.29, 56.00,  ,  ,  , 1.5
17:10:48, 1601, 1521, 84438, 8.05, 113.40, 13.27, 56.05,  ,  ,  , 1.5
17:10:49, 1603, 1523, 84420, 5.60, 88.50, 13.26, 56.10,  , 41.464708, 1.930763, 1.5
17:10:50, 1605, 1525, 84401, 8.25, 118.60, 13.24, 56.15,  ,  ,  , 1.6
17:10:51, 1606, 1526, 84383, 8.05, 109.30, 13.23, 56.20,  ,  ,  , 1.6
17:10:52, 1608, 1528, 84366, 5.40, 124.80, 13.21, 56.25,  , 41.464630, 1.931008, 1.6
17:10:54, 1612, 1532, 84328, 5.95, 127.10, 13.17, 56.40,  ,  ,  , 1.7
17:10:55, 1614, 1534, 84310, 7.40, 117.10, 13.15, 56.45,  , 41.464533, 1.931248, 1.8
17:10:56, 1616, 1536, 84284, 8.90, 125.20, 13.13, 56.55,  ,  ,  , 1.8
17:10:57, 1619, 1539, 84259, 4.85, 114.60, 13.11, 56.55,  ,  ,  , 1.9
17:10:58, 1621, 1541, 84234, 9.45, 118.10, 13.09, 56.60, 23.25, 41.464433, 1.931482, 2.0
17:10:59, 1624, 1544, 84204, 6.20, 131.40, 13.04, 56.70,  ,  ,  , 2.1
17:11:00, 1627, 1547, 84174, 8.15, 100.80, 13.01, 56.80,  ,  ,  , 2.2
17:11:01, 1630, 1550, 84144, 8.30, 135.60, 13.00, 56.85,  , 41.464333, 1.931722, 2.3
17:11:02, 1633, 1553, 84116, 7.65, 109.40, 12.99, 56.90,  ,  ,  , 2.3
17:11:03, 1636, 1556, 84089, 7.50, 124.10, 12.97, 56.95,  ,  ,  , 2.4
17:11:04, 1639, 1559, 84062, 6.85, 118.30, 12.96, 56.85,  , 41.464232, 1.931963, 2.5
17:11:05, 1641, 1561, 84034, 8.90, 110.20, 12.94, 56.80,  ,  ,  , 2.6
17:11:06, 1644, 1564, 84006, 6.55, 123.10, 12.92, 56.75,  ,  ,  , 2.6
17:11:07, 1647, 1567, 83978, 8.35, 113.80, 12.89, 56.80,  , 41.464138, 1.932215, 2.7
17:11:09, 1653, 1573, 83923, 7.90, 121.70, 12.86, 56.75,  ,  ,  , 2.8
17:11:10, 1655, 1575, 83896, 7.90, 98.60, 12.84, 56.70,  , 41.464060, 1.932467, 2.8
17:11:11, 1657, 1577, 83874, 7.25, 129.80, 12.83, 56.70,  ,  ,  , 2.8
17:11:12, 1660, 1580, 83853, 7.10, 106.90, 12.81, 56.75,  ,  ,  , 2.7
17:11:13, 1662, 1582, 83832, 8.20, 119.90, 12.79, 56.80,  , 41.463972, 1.932708, 2.7
17:11:14, 1664, 1584, 83804, 3.95, 116.50, 12.77, 56.80,  ,  ,  , 2.6
17:11:15, 1667, 1587, 83778, 9.85, 105.30, 12.73, 56.85,  ,  ,  , 2.6
17:11:16, 1670, 1590, 83752, 4.85, 118.50, 12.70, 56.90,  , 41.463903, 1.932937, 2.6
17:11:17, 1672, 1592, 83731, 8.90, 103.40, 12.68, 57.00,  ,  ,  , 2.5
17:11:18, 1674, 1594, 83710, 6.05, 127.10, 12.67, 57.00,  ,  ,  , 2.5
17:11:19, 1676, 1596, 83690, 7.60, 97.40, 12.64, 57.10,  , 41.463838, 1.933175, 2.4
17:11:20, 1679, 1599, 83665, 7.25, 120.10, 12.62, 57.15,  ,  ,  , 2.4
17:11:21, 1681, 1601, 83640, 6.40, 86.50, 12.59, 57.20,  ,  ,  , 2.4
17:11:22, 1683, 1603, 83616, 8.10, 126.90, 12.56, 57.30,  , 41.463782, 1.933418, 2.3
17:11:24, 1687, 1607, 83577, 7.80, 104.70, 12.52, 57.50,  ,  ,  , 2.3
17:11:25, 1689, 1609, 83558, 7.60, 110.50, 12.51, 57.60, 22.50, 41.463728, 1.933680, 2.3
17:11:26, 1692, 1612, 83534, 6.85, 94.80, 12.49, 57.65,  ,  ,  , 2.3
17:11:27, 1694, 1614, 83511, 6.25, 120.30, 12.48, 57.70,  ,  ,  , 2.3
17:11:28, 1696, 1616, 83488, 9.70, 108.00, 12.44, 57.80,  , 41.463665, 1.933933, 2.3
17:11:29, 1698, 1618, 83471, 4.20, 90.10, 12.41, 57.95,  ,  ,  , 2.2
17:11:30, 1700, 1620, 83455, 9.40, 114.90, 12.39, 58.05,  ,  ,  , 2.1
17:11:31, 1701, 1621, 83440, 5.75, 85.40, 12.36, 58.20,  , 41.463615, 1.934178, 2.1
17:11:36, 1710, 1630, 83349, 8.55, 110.00, 12.28, 58.55,  ,  ,  , 1.9
17:11:37, 1712, 1632, 83332, 8.30, 105.10, 12.28, 58.50,  , 41.463480, 1.934730, 1.9
17:11:39, 1715, 1635, 83300, 10.05, 116.40, 12.27, 58.10,  ,  ,  , 1.8
17:11:40, 1717, 1637, 83284, 7.85, 97.30, 12.26, 57.95,  , 41.463410, 1.935033, 1.7
17:11:42, 1721, 1641, 83249, 8.05, 101.60, 12.25, 57.65,  ,  ,  , 1.7
17:11:43, 1722, 1642, 83232, 8.50, 107.20, 12.24, 57.50,  , 41.463347, 1.935328, 1.7
17:11:46, 1727, 1647, 83188, 8.90, 123.80, 12.26, 57.25,  , 41.463275, 1.935623, 1.7
17:11:48, 1730, 1650, 83158, 8.55, 114.00, 12.27, 57.10,  ,  ,  , 1.6
17:11:49, 1731, 1651, 83144, 6.70, 113.90, 12.30, 57.10,  , 41.463200, 1.935888, 1.6
17:11:51, 1734, 1654, 83114, 7.15, 124.30, 12.38, 57.20,  ,  ,  , 1.6
17:11:52, 1736, 1656, 83100, 8.60, 100.70, 12.37, 57.25, 22.00, 41.463125, 1.936155, 1.6
17:11:55, 1740, 1660, 83054, 10.00, 112.10, 12.36, 57.05,  , 41.463053, 1.936438, 1.5
17:11:56, 1742, 1662, 83037, 6.45, 112.30, 12.36, 57.00,  ,  ,  , 1.5
17:11:57, 1744, 1664, 83021, 9.90, 97.30, 12.34, 56.90,  ,  ,  , 1.5
17:11:58, 1745, 1665, 83006, 7.60, 128.30, 12.32, 56.80,  , 41.462980, 1.936718, 1.5
17:11:59, 1747, 1667, 82991, 9.10, 94.10, 12.28, 56.70,  ,  ,  , 1.5
17:12:00, 1748, 1668, 82976, 9.15, 128.60, 12.26, 56.65,  ,  ,  , 1.5
17:12:01, 1750, 1670, 82962, 7.30, 92.30, 12.23, 56.60,  , 41.462900, 1.936990, 1.5
17:12:02, 1751, 1671, 82949, 10.65, 119.90, 12.19, 56.55,  ,  ,  , 1.5
17:12:03, 1752, 1672, 82935, 5.95, 100.90, 12.15, 56.55,  ,  ,  , 1.5
17:12:04, 1754, 1674, 82922, 10.25, 110.50, 12.11, 56.60,  , 41.462822, 1.937273, 1.5
17:12:05, 1755, 1675, 82906, 6.10, 126.50, 12.09, 56.60,  ,  ,  , 1.5
17:12:06, 1757, 1677, 82891, 10.75, 106.60, 12.07, 56.65,  ,  ,  , 1.5
17:12:07, 1758, 1678, 82876, 6.25, 117.70, 12.04, 56.70,  , 41.462728, 1.937547, 1.5
17:12:08, 1760, 1680, 82861, 9.45, 117.50, 12.00, 56.75,  ,  ,  , 1.5
17:12:09, 1761, 1681, 82846, 9.80, 109.00, 11.98, 56.75,  ,  ,  , 1.5
17:12:10, 1763, 1683, 82832, 7.45, 116.60, 11.98, 56.75,  , 41.462632, 1.937832, 1.5
17:12:11, 1764, 1684, 82817, 9.85, 117.20, 11.97, 56.75,  ,  ,  , 1.5
17:12:12, 1766, 1686, 82802, 9.85, 117.20, 11.95, 56.70,  ,  ,  , 1.5
17:12:13, 1767, 1687, 82788, 9.90, 125.10, 11.92, 56.65,  , 41.462530, 1.938098, 1.5
17:12:14, 1769, 1689, 82769, 7.90, 98.10, 11.90, 56.60,  ,  ,  , 1.5
17:12:15, 1771, 1691, 82751, 9.05, 132.70, 11.89, 56.50,  ,  ,  , 1.5
17:12:16, 1773, 1693, 82734, 9.80, 102.50, 11.89, 56.50,  , 41.462427, 1.938382, 1.6
17:12:20, 1779, 1699, 82675, 10.80, 118.90, 11.94, 56.60,  ,  ,  , 1.6
17:12:21, 1780, 1700, 82660, 7.25, 110.30, 11.94, 56.60,  ,  ,  , 1.6
17:12:22, 1782, 1702, 82646, 9.10, 125.40, 11.95, 56.55,  , 41.462207, 1.938947, 1.6
17:12:23, 1784, 1704, 82628,  ,  , 11.96, 56.50,  ,  ,  , 1.6
17:12:24, 1786, 1706, 82609,  ,  , 11.97, 56.45,  ,  ,  , 1.6
17:12:25, 1787, 1707, 82590,  ,  , 11.98, 56.45,  ,  ,  , 1.7
17:12:26, 1788, 1708, 82581, 7.95, 130.00, 12.02, 56.40,  ,  ,  , 1.6
17:12:27, 1789, 1709, 82573, 10.00, 116.50, 12.07, 56.35,  ,  ,  , 1.5
17:12:28, 1790, 1710, 82566, 6.65, 120.80, 12.05, 56.25,  , 41.461987, 1.939507, 1.5
17:12:29, 1792, 1712, 82544, 11.55, 116.90, 12.02, 56.15,  ,  ,  , 1.5
17:12:30, 1794, 1714, 82522, 6.65, 119.70, 12.00, 56.10,  ,  ,  , 1.5
17:12:31, 1797, 1717, 82500, 9.20, 114.40, 12.02, 56.00,  , 41.461878, 1.939782, 1.6
17:12:32, 1798, 1718, 82482, 8.85, 118.60, 12.02, 55.90,  ,  ,  , 1.6
17:12:33, 1800, 1720, 82465, 7.75, 125.70, 12.00, 55.85,  ,  ,  , 1.7
17:12:34, 1802, 1722, 82448, 10.20, 106.70, 11.98, 55.80,  , 41.461770, 1.940060, 1.7
17:12:35, 1804, 1724, 82429, 8.25, 134.30, 11.95, 55.75,  ,  ,  , 1.7
17:12:36, 1806, 1726, 82410, 9.40, 101.80, 11.90, 55.75,  ,  ,  , 1.7
17:12:37, 1808, 1728, 82392, 9.50, 128.10, 11.91, 55.70,  , 41.461658, 1.940347, 1.7
17:12:39, 1811, 1731, 82357, 10.70, 121.60, 11.88, 55.75,  ,  ,  , 1.8
17:12:40, 1813, 1733, 82340, 6.15, 116.90, 11.89, 55.80,  , 41.461548, 1.940630, 1.8
17:12:41, 1815, 1735, 82322, 11.40, 116.50, 11.85, 55.85,  ,  ,  , 1.9
17:12:42, 1816, 1736, 82306, 7.20, 132.00, 11.88, 55.90,  ,  ,  , 1.8
17:12:43, 1818, 1738, 82290, 9.50, 104.90, 11.85, 55.95,  , 41.461433, 1.940903, 1.8
17:12:44, 1820, 1740, 82275, 10.00, 136.00, 11.84, 55.95,  ,  ,  , 1.8
17:12:45, 1821, 1741, 82260, 7.70, 101.00, 11.82, 55.95,  ,  ,  , 1.7
17:12:46, 1823, 1743, 82246, 10.60, 125.60, 11.82, 56.00, 22.50, 41.461315, 1.941178, 1.7
17:12:47, 1824, 1744, 82231, 5.95, 105.80, 11.81, 56.00,  ,  ,  , 1.7
17:12:48, 1826, 1746, 82216, 11.35, 119.60, 11.79, 56.05,  ,  ,  , 1.7
17:12:49, 1827, 1747, 82202, 5.75, 109.40, 11.78, 56.10,  , 41.461215, 1.941443, 1.6
17:12:50, 1829, 1749, 82182, 11.60, 120.60, 11.75, 56.15,  ,  ,  , 1.6
17:12:51, 1831, 1751, 82163, 5.75, 110.00, 11.71, 56.20,  ,  ,  , 1.7
17:12:52, 1833, 1753, 82144, 10.95, 112.90, 11.69, 56.20,  , 41.461115, 1.941717, 1.7
17:12:54, 1837, 1757, 82109, 10.95, 106.00, 11.64, 56.30,  ,  ,  , 1.7
17:12:55, 1838, 1758, 82092, 6.40, 133.20, 11.62, 56.35,  , 41.461018, 1.941977, 1.7
17:12:56, 1840, 1760, 82074, 10.30, 97.40, 11.63, 56.40,  ,  ,  , 1.7
17:12:57, 1842, 1762, 82058, 8.25, 130.90, 11.64, 56.40,  ,  ,  , 1.7
17:12:58, 1843, 1763, 82042, 8.75, 100.40, 11.62, 56.35,  , 41.460930, 1.942258, 1.7
17:12:59, 1845, 1765, 82027, 9.65, 125.90, 11.61, 56.30,  ,  ,  , 1.7
17:13:00, 1846, 1766, 82012, 7.40, 100.50, 11.59, 56.35,  ,  ,  , 1.7
17:13:01, 1848, 1768, 81998, 10.90, 122.80, 11.59, 56.35,  , 41.460830, 1.942538, 1.7
17:13:02, 1850, 1770, 81978, 6.95, 109.20, 11.58, 56.40,  ,  ,  , 1.8
17:13:03, 1852, 1772, 81959, 11.20, 111.70, 11.55, 56.35,  ,  ,  , 1.8
17:13:04, 1854, 1774, 81940, 6.05, 124.80, 11.54, 56.30,  , 41.460732, 1.942822, 1.8
17:13:05, 1856, 1776, 81923, 11.45, 106.00, 11.50, 56.30,  ,  ,  , 1.7
17:13:06, 1857, 1777, 81907, 7.10, 125.60, 11.50, 56.30,  ,  ,  , 1.7
17:13:07, 1859, 1779, 81892, 9.55, 109.10, 11.50, 56.30,  , 41.460637, 1.943103, 1.7
17:13:08, 1861, 1781, 81871, 8.55, 124.10, 11.51, 56.30,  ,  ,  , 1.7
17:13:09, 1863, 1783, 81850, 8.45, 99.80, 11.49, 56.35,  ,  ,  , 1.8
17:13:10, 1865, 1785, 81830, 10.00, 128.20, 11.50, 56.35,  , 41.460537, 1.943385, 1.8
17:13:11, 1867, 1787, 81812, 7.45, 108.40, 11.46, 56.40,  ,  ,  , 1.8
17:13:12, 1869, 1789, 81795, 11.40, 114.80, 11.43, 56.40,  ,  ,  , 1.9
17:13:13, 1871, 1791, 81778, 6.05, 118.30, 11.41, 56.45, 22.75, 41.460430, 1.943672, 1.9
17:13:14, 1872, 1792, 81760, 11.35, 113.60, 11.38, 56.50,  ,  ,  , 1.9
17:13:15, 1874, 1794, 81742, 7.65, 126.40, 11.36, 56.50,  ,  ,  , 1.9
17:13:16, 1876, 1796, 81724, 10.00, 105.60, 11.33, 56.50,  , 41.460320, 1.943957, 1.8
17:13:17, 1878, 1798, 81707, 9.00, 133.30, 11.33, 56.50,  ,  ,  , 1.8
17:13:18, 1880, 1800, 81690, 10.35, 107.00, 11.32, 56.55,  ,  ,  , 1.8
17:13:19, 1881, 1801, 81674, 9.90, 133.20, 11.34, 56.70,  , 41.460192, 1.944252, 1.8
17:13:20, 1883, 1803, 81652, 8.65, 112.10, 11.34, 56.90,  ,  ,  , 1.9
17:13:21, 1886, 1806, 81630, 11.15, 127.60, 11.35, 57.15,  ,  ,  , 1.9
17:13:22, 1888, 1808, 81608, 8.60, 106.30, 11.30, 57.30,  , 41.460057, 1.944540, 1.9
17:13:23, 1890, 1810, 81588, 9.75, 113.30, 11.25, 57.55,  ,  ,  , 1.9
17:13:24, 1892, 1812, 81569, 10.10, 125.50, 11.25, 57.75,  ,  ,  , 1.9
17:13:25, 1894, 1814, 81550, 9.95, 102.50, 11.22, 57.95,  , 41.459947, 1.944847, 1.9
17:13:29, 1902, 1822, 81471, 11.15, 120.00, 11.23, 58.60,  ,  ,  , 2.0
17:13:30, 1904, 1824, 81451, 7.15, 109.80, 11.25, 58.80,  ,  ,  , 2.1
17:13:31, 1906, 1826, 81432, 12.00, 115.80, 11.23, 58.95,  , 41.459723, 1.945458, 2.1
17:13:32, 1908, 1828, 81415, 8.65, 115.90, 11.24, 59.10,  ,  ,  , 2.1
17:13:33, 1910, 1830, 81398, 8.65, 107.00, 11.22, 59.25,  ,  ,  , 2.0
17:13:34, 1911, 1831, 81382, 13.15, 119.20, 11.18, 59.25,  , 41.459613, 1.945780, 2.0
17:13:35, 1913, 1833, 81366, 8.30, 110.50, 11.17, 59.30,  ,  ,  , 1.9
17:13:36, 1915, 1835, 81351, 10.50, 114.30, 11.14, 59.30,  ,  ,  , 1.9
17:13:37, 1916, 1836, 81336, 11.00, 125.50, 11.17, 59.25,  , 41.459485, 1.946103, 1.8
17:13:39, 1919, 1839, 81309, 9.95, 119.40, 11.10, 58.85,  ,  ,  , 1.8
17:13:40, 1920, 1840, 81296, 9.55, 115.60, 11.12, 58.60, 23.00, 41.459368, 1.946418, 1.7
17:13:41, 1921, 1841, 81285, 11.15, 112.50, 11.08, 58.30,  ,  ,  , 1.6
17:13:42, 1922, 1842, 81274, 8.55, 125.00, 11.08, 58.00,  ,  ,  , 1.5
17:13:43, 1923, 1843, 81264, 12.10, 109.80, 11.06, 57.70,  , 41.459247, 1.946738, 1.4
17:13:44, 1925, 1845, 81250, 8.75, 128.80, 11.05, 57.45,  ,  ,  , 1.4
17:13:45, 1926, 1846, 81238, 9.65, 109.80, 11.04, 57.20,  ,  ,  , 1.4
17:13:46, 1927, 1847, 81226, 10.20, 120.50, 11.03, 57.00,  , 41.459123, 1.947042, 1.3
17:13:48, 1929, 1849, 81211, 9.40, 119.30, 11.05, 56.85,  ,  ,  , 1.3
17:13:49, 1930, 1850, 81197, 10.70, 112.40, 11.03, 56.70,  ,  ,  , 1.3
17:13:50, 1932, 1852, 81184, 7.90, 122.20, 11.02, 56.55,  , 41.459003, 1.947347, 1.3
17:13:56, 1942, 1862, 81081, 7.15, 126.70, 10.77, 56.20,  ,  ,  , 1.5
17:13:57, 1944, 1864, 81066, 12.35, 114.40, 10.79, 56.20,  ,  ,  , 1.5
17:13:58, 1945, 1865, 81052, 8.15, 117.30, 10.78, 56.25,  , 41.458623, 1.948290, 1.5
17:13:59, 1947, 1867, 81034, 12.10, 123.10, 10.72, 56.25,  ,  ,  , 1.5
17:14:00, 1949, 1869, 81016, 8.25, 111.10, 10.69, 56.30,  ,  ,  , 1.6
17:14:01, 1951, 1871, 80998, 12.05, 132.40, 10.69, 56.35,  , 41.458483, 1.948595, 1.6
17:14:02, 1953, 1873, 80980, 9.65, 101.80, 10.67, 56.40,  ,  ,  , 1.6
17:14:03, 1955, 1875, 80963, 10.30, 135.40, 10.67, 56.45,  ,  ,  , 1.6
17:14:04, 1956, 1876, 80946, 10.45, 111.50, 10.66, 56.50,  , 41.458347, 1.948903, 1.7
17:14:06, 1958, 1878, 80931, 7.90, 129.80, 10.72, 56.55,  ,  ,  , 1.5
17:14:07, 1959, 1879, 80924, 7.80, 130.10, 10.72, 56.60, 23.25, 41.458218, 1.949183, 1.5
17:14:09, 1962, 1882, 80893, 6.95, 113.00, 10.61, 56.60,  ,  ,  , 1.5
17:14:10, 1963, 1883, 80878, 11.95, 128.90, 10.61, 56.60,  , 41.458087, 1.949463, 1.5
17:14:12, 1966, 1886, 80850, 10.10, 129.10, 10.59, 56.60,  ,  ,  , 1.5
17:14:13, 1968, 1888, 80836, 9.90, 122.10, 10.55, 56.60,  , 41.457953, 1.949732, 1.4
17:14:15, 1970, 1890, 80817, 10.45, 125.60, 10.67, 56.65,  ,  ,  , 1.3
17:14:16, 1971, 1891, 80808, 7.15, 126.40, 10.74, 56.70,  , 41.457828, 1.950000, 1.2
17:14:18, 1976, 1896, 80757, 8.35, 133.20, 10.73, 56.65,  ,  ,  , 1.5
17:14:19, 1978, 1898, 80732, 10.05, 113.80, 10.67, 56.60,  , 41.457695, 1.950273, 1.7
17:14:21, 1982, 1902, 80700, 9.60, 107.30, 10.57, 56.70,  ,  ,  , 1.7
17:14:22, 1983, 1903, 80684, 9.20, 136.40, 10.57, 56.75,  , 41.457553, 1.950550, 1.7
17:14:24, 1986, 1906, 80654, 9.55, 120.70, 10.52, 56.85,  ,  ,  , 1.7
17:14:25, 1988, 1908, 80640, 8.35, 134.00, 10.49, 56.95,  , 41.457408, 1.950817, 1.7
17:14:26, 1989, 1909, 80625, 10.95, 116.60, 10.47, 57.00,  ,  ,  , 1.7
17:14:27, 1991, 1911, 80611, 7.20, 130.40, 10.50, 57.10,  ,  ,  , 1.8
17:14:28, 1992, 1912, 80598, 10.60, 127.30, 10.48, 57.20,  , 41.457268, 1.951085, 1.8
17:14:29, 1994, 1914, 80578, 8.60, 110.70, 10.46, 57.35,  ,  ,  , 1.8
17:14:30, 1996, 1916, 80559, 10.70, 137.70, 10.38, 57.50,  ,  ,  , 1.7
17:14:31, 1998, 1918, 80540, 8.80, 113.40, 10.34, 57.65,  , 41.457123, 1.951360, 1.7
17:14:32, 2000, 1920, 80529, 9.85, 136.40, 10.33, 57.80,  ,  ,  , 1.6
17:14:33, 2001, 1921, 80518, 10.20, 117.20, 10.31, 57.90,  ,  ,  , 1.6
17:14:34, 2002, 1922, 80508, 6.75, 128.60, 10.27, 57.95, 23.50, 41.456985, 1.951630, 1.5
17:14:35, 2004, 1924, 80487, 12.20, 124.20, 10.26, 57.95,  ,  ,  , 1.6
17:14:36, 2006, 1926, 80467, 6.45, 118.10, 10.25, 57.95,  ,  ,  , 1.6
17:14:37, 2008, 1928, 80448, 11.25, 130.70, 10.23, 57.95,  , 41.456840, 1.951900, 1.7
17:14:38, 2010, 1930, 80425, 7.90, 110.10, 10.22, 57.95,  ,  ,  , 1.7
17:14:39, 2013, 1933, 80402, 11.15, 138.00, 10.21, 57.95,  ,  ,  , 1.8
17:14:40, 2015, 1935, 80380, 10.00, 106.20, 10.20, 57.95,  , 41.456693, 1.952192, 1.9
17:14:41, 2017, 1937, 80364, 9.80, 138.30, 10.22, 58.00,  ,  ,  , 1.9
17:14:42, 2018, 1938, 80349, 10.85, 115.20, 10.21, 58.00,  ,  ,  , 1.8
17:14:43, 2020, 1940, 80334, 7.90, 118.30, 10.16, 58.05,  , 41.456558, 1.952488, 1.8
17:14:44, 2021, 1941, 80320, 10.95, 124.40, 10.17, 58.05,  ,  ,  , 1.8
17:14:45, 2023, 1943, 80307, 9.25, 117.90, 10.16, 58.10,  ,  ,  , 1.8
17:14:46, 2024, 1944, 80294, 10.10, 132.70, 10.14, 58.05,  , 41.456415, 1.952775, 1.9
17:14:47, 2025, 1945, 80279, 9.75, 104.70, 10.10, 58.10,  ,  ,  , 1.8
17:14:48, 2027, 1947, 80264, 9.30, 133.50, 10.05, 58.10,  ,  ,  , 1.8
17:14:49, 2029, 1949, 80250, 10.75, 118.70, 10.08, 58.15,  , 41.456282, 1.953072, 1.7
17:14:54, 2035, 1955, 80188, 9.70, 120.10, 9.99, 58.25,  ,  ,  , 1.4
17:14:55, 2036, 1956, 80176, 6.20, 127.00, 9.96, 58.30,  , 41.456050, 1.953650, 1.4
17:14:56, 2038, 1958, 80162, 10.40, 121.40, 9.95, 58.40,  ,  ,  , 1.4
17:14:57, 2039, 1959, 80150, 8.65, 119.10, 9.92, 58.45,  ,  ,  , 1.4
17:14:58, 2040, 1960, 80138, 8.10, 130.30, 9.90, 58.50,  , 41.455920, 1.953917, 1.4
17:14:59, 2042, 1962, 80121, 10.05, 109.10, 9.87, 58.55,  ,  ,  , 1.4
17:15:00, 2044, 1964, 80104, 9.15, 138.50, 9.85, 58.60,  ,  ,  , 1.4
17:15:01, 2045, 1965, 80088, 7.65, 109.10, 9.84, 58.65, 23.50, 41.455797, 1.954185, 1.4
17:15:02, 2047, 1967, 80069, 10.00, 130.50, 9.90, 58.70,  ,  ,  , 1.5
17:15:03, 2049, 1969, 80050, 7.20, 119.80, 9.89, 58.70,  ,  ,  , 1.5
17:15:04, 2051, 1971, 80032, 11.55, 127.00, 9.89, 58.75,  , 41.455662, 1.954452, 1.5
17:15:05, 2052, 1972, 80022, 6.10, 128.00, 9.88, 58.75,  ,  ,  , 1.5
17:15:06, 2053, 1973, 80012, 11.25, 126.10, 9.88, 58.75,  ,  ,  , 1.5
17:15:07, 2054, 1974, 80002, 7.40, 135.60, 9.91, 58.80,  , 41.455512, 1.954702, 1.5
17:15:09, 2058, 1978, 79963, 8.85, 135.50, 9.82, 58.90,  ,  ,  , 1.6
17:15:10, 2060, 1980, 79944, 9.20, 112.00, 9.78, 58.85,  , 41.455375, 1.954963, 1.7
17:15:11, 2062, 1982, 79927, 11.20, 132.00, 9.74, 58.90,  ,  ,  , 1.7
17:15:12, 2064, 1984, 79911, 6.70, 110.50, 9.71, 58.95,  ,  ,  , 1.7
17:15:13, 2065, 1985, 79896, 11.80, 132.10, 9.69, 59.00,  , 41.455228, 1.955245, 1.7
17:15:14, 2067, 1987, 79879, 6.75, 113.40, 9.69, 59.00,  ,  ,  , 1.7
17:15:15, 2069, 1989, 79862, 11.20, 125.70, 9.69, 59.05,  ,  ,  , 1.7
17:15:16, 2071, 1991, 79846, 6.60, 134.50, 9.68, 59.15,  , 41.455085, 1.955508, 1.6
17:15:17, 2073, 1993, 79826, 12.25, 118.40, 9.62, 59.15,  ,  ,  , 1.7
17:15:18, 2075, 1995, 79806, 7.00, 133.00, 9.62, 59.20,  ,  ,  , 1.7
17:15:19, 2077, 1997, 79786, 10.35, 122.70, 9.58, 59.25,  , 41.454940, 1.955782, 1.8
17:15:20, 2079, 1999, 79765, 9.55, 133.40, 9.58, 59.25,  ,  ,  , 1.9
17:15:21, 2081, 2001, 79745, 8.05, 114.80, 9.54, 59.35,  ,  ,  , 1.9
17:15:22, 2083, 2003, 79726, 11.20, 131.30, 9.55, 59.40,  , 41.454788, 1.956053, 1.9
17:15:23, 2086, 2006, 79703, 7.20, 116.30, 9.55, 59.50,  ,  ,  , 1.9
17:15:24, 2088, 2008, 79680, 11.60, 125.50, 9.52, 59.55,  ,  ,  , 2.0
17:15:25, 2090, 2010, 79658, 7.50, 133.50, 9.48, 59.60,  , 41.454640, 1.956325, 2.0
17:15:26, 2093, 2013, 79636, 11.55, 116.70, 9.45, 59.60,  ,  ,  , 2.1
17:15:27, 2095, 2015, 79614, 8.15, 145.90, 9.45, 59.65,  ,  ,  , 2.1
17:15:28, 2097, 2017, 79592, 8.75, 120.90, 9.43, 59.70, 23.25, 41.454485, 1.956587, 2.2
17:15:29, 2099, 2019, 79572, 9.85, 132.70, 9.43, 59.75,  ,  ,  , 2.2
17:15:30, 2101, 2021, 79554, 8.75, 114.50, 9.39, 59.85,  ,  ,  , 2.2
17:15:31, 2103, 2023, 79536, 10.35, 136.00, 9.38, 59.90,  , 41.454333, 1.956865, 2.2
17:15:32, 2106, 2026, 79513, 9.45, 115.10, 9.30, 59.95,  ,  ,  , 2.2
17:15:33, 2108, 2028, 79489, 10.10, 127.90, 9.29, 60.00,  ,  ,  , 2.2
17:15:34, 2110, 2030, 79466, 8.05, 127.80, 9.30, 60.05,  , 41.454183, 1.957150, 2.3
17:15:35, 2113, 2033, 79441, 10.65, 115.60, 9.29, 60.05,  ,  ,  , 2.3
17:15:36, 2116, 2036, 79416, 9.85, 128.10, 9.29, 60.15,  ,  ,  , 2.3
17:15:37, 2118, 2038, 79392, 8.15, 113.90, 9.29, 60.20,  , 41.454047, 1.957448, 2.3
17:15:38, 2121, 2041, 79366, 11.00, 126.60, 9.28, 60.30,  ,  ,  , 2.4
17:15:39, 2124, 2044, 79341, 7.55, 127.00, 9.28, 60.35,  ,  ,  , 2.4
17:15:40, 2126, 2046, 79316, 11.55, 115.70, 9.22, 60.45,  , 41.453907, 1.957740, 2.4
17:15:41, 2128, 2048, 79295, 7.60, 138.70, 9.21, 60.50,  ,  ,  , 2.4
17:15:42, 2131, 2051, 79274, 11.35, 107.10, 9.14, 60.55,  ,  ,  , 2.4
17:15:43, 2133, 2053, 79254, 9.40, 144.30, 9.12, 60.65,  , 41.453758, 1.958032, 2.5
17:15:44, 2135, 2055, 79233, 9.60, 112.90, 9.09, 60.70,  ,  ,  , 2.4
17:15:45, 2137, 2057, 79212, 10.40, 135.20, 9.05, 60.75,  ,  ,  , 2.4
17:15:46, 2139, 2059, 79192, 8.50, 115.50, 9.01, 60.85,  , 41.453607, 1.958312, 2.4
17:15:47, 2141, 2061, 79172, 11.80, 131.60, 9.00, 60.90,  ,  ,  , 2.4
17:15:48, 2143, 2063, 79153, 7.15, 104.70, 8.97, 61.05,  ,  ,  , 2.3
17:15:49, 2145, 2065, 79134, 10.35, 129.30, 8.93, 61.10,  , 41.453468, 1.958592, 2.3
17:15:50, 2148, 2068, 79108, 10.70, 123.30, 8.90, 61.20,  ,  ,  , 2.3
17:15:51, 2151, 2071, 79083, 7.35, 110.60, 8.88, 61.35,  ,  ,  , 2.3
17:15:52, 2153, 2073, 79058, 10.95, 137.70, 8.89, 61.45,  , 41.453328, 1.958868, 2.3
17:15:54, 2157, 2077, 79025, 8.50, 133.40, 8.82, 61.65,  ,  ,  , 2.2
17:15:55, 2159, 2079, 79008, 10.80, 120.50, 8.83, 61.70, 22.75, 41.453183, 1.959143, 2.2
17:15:56, 2161, 2081, 78983, 7.50, 127.80, 8.85, 61.80,  ,  ,  , 2.2
17:15:57, 2164, 2084, 78959, 9.85, 115.40, 8.83, 61.90,  ,  ,  , 2.2
17:15:58, 2166, 2086, 78936, 10.75, 130.80, 8.80, 61.95,  , 41.453048, 1.959418, 2.2
17:15:59, 2168, 2088, 78918, 8.05, 119.50, 8.75, 61.95,  ,  ,  , 2.2
17:16:00, 2170, 2090, 78902, 11.25, 127.30, 8.75, 62.00,  ,  ,  , 2.2
17:16:01, 2171, 2091, 78886, 6.95, 130.10, 8.73, 62.10,  , 41.452900, 1.959683, 2.2
17:16:02, 2174, 2094, 78863, 11.75, 121.90, 8.70, 62.15,  ,  ,  , 2.2
17:16:03, 2176, 2096, 78840, 7.45, 139.00, 8.73, 62.20,  ,  ,  , 2.2
17:16:04, 2179, 2099, 78818, 9.65, 111.50, 8.68, 62.25,  , 41.452755, 1.959945, 2.2
17:16:05, 2181, 2101, 78800, 10.15, 146.10, 8.68, 62.30,  ,  ,  , 2.1
17:16:06, 2182, 2102, 78783, 9.95, 107.10, 8.63, 62.30,  ,  ,  , 2.1
17:16:07, 2184, 2104, 78766, 8.85, 139.00, 8.63, 62.40,  , 41.452607, 1.960218, 2.1
17:16:09, 2189, 2109, 78718, 9.15, 121.20, 8.55, 62.55,  ,  ,  , 2.1
17:16:10, 2192, 2112, 78694, 8.30, 136.30, 8.55, 62.60,  , 41.452463, 1.960478, 2.1
17:16:11, 2194, 2114, 78671, 10.15, 121.60, 8.52, 62.65,  ,  ,  , 2.1
17:16:12, 2196, 2116, 78649, 7.35, 129.80, 8.50, 62.70,  ,  ,  , 2.2
17:16:13, 2199, 2119, 78628, 10.95, 126.60, 8.51, 62.75,  , 41.452317, 1.960742, 2.2
17:16:14, 2201, 2121, 78605, 7.50, 116.20, 8.50, 62.90,  ,  ,  , 2.3
17:16:15, 2203, 2123, 78582, 11.40, 133.80, 8.45, 62.95,  ,  ,  , 2.3
17:16:16, 2206, 2126, 78560, 7.95, 108.20, 8.37, 63.00,  , 41.452173, 1.961015, 2.3
17:16:17, 2207, 2127, 78546, 9.00, 134.70, 8.35, 63.05,  ,  ,  , 2.2
17:16:18, 2209, 2129, 78533, 10.35, 113.20, 8.34, 63.10,  ,  ,  , 2.2
17:16:19, 2210, 2130, 78520, 8.50, 140.00, 8.33, 63.15,  , 41.452038, 1.961282, 2.1
17:16:20, 2212, 2132, 78501, 10.65, 117.10, 8.29, 63.15,  ,  ,  , 2.1
17:16:21, 2214, 2134, 78483, 9.45, 133.60, 8.29, 63.10,  ,  ,  , 2.1
17:16:22, 2216, 2136, 78466, 8.75, 124.40, 8.34, 63.10, 22.75, 41.451883, 1.961553, 2.0
17:16:23, 2218, 2138, 78446, 9.25, 120.60, 8.31, 63.15,  ,  ,  , 2.0
17:16:24, 2220, 2140, 78425, 9.95, 134.20, 8.31, 63.15,  ,  ,  , 2.0
17:16:25, 2222, 2142, 78404, 8.80, 112.70, 8.28, 63.25,  , 41.451740, 1.961832, 2.0
17:16:26, 2224, 2144, 78386, 9.20, 139.00, 8.30, 63.25,  ,  ,  , 1.9
17:16:27, 2226, 2146, 78369, 10.30, 117.90, 8.31, 63.30,  ,  ,  , 1.9
17:16:28, 2228, 2148, 78352, 6.85, 137.10, 8.28, 63.35,  , 41.451595, 1.962092, 1.8
17:16:29, 2229, 2149, 78337, 11.55, 123.40, 8.28, 63.35,  ,  ,  , 1.8
17:16:30, 2231, 2151, 78322, 6.60, 124.70, 8.25, 63.40,  ,  ,  , 1.9
17:16:31, 2233, 2153, 78308, 10.05, 127.10, 8.22, 63.45,  , 41.451452, 1.962352, 1.9
17:16:32, 2235, 2155, 78287, 9.55, 116.30, 8.18, 63.55,  ,  ,  , 1.9
17:16:33, 2237, 2157, 78266, 8.15, 135.90, 8.19, 63.65,  ,  ,  , 1.9
17:16:34, 2239, 2159, 78246, 10.30, 115.60, 8.15, 63.75,  , 41.451312, 1.962633, 1.9
17:16:36, 2242, 2162, 78220, 9.55, 117.80, 8.13, 63.85,  ,  ,  , 1.8
17:16:37, 2243, 2163, 78208, 8.35, 126.90, 8.13, 63.90,  , 41.451163, 1.962900, 1.8
17:16:39, 2245, 2165, 78193, 10.95, 114.90, 8.10, 63.95,  ,  ,  , 1.6
17:16:40, 2246, 2166, 78186, 7.10, 137.20, 8.09, 64.00,  , 41.451025, 1.963162, 1.5
17:16:42, 2249, 2169, 78148, 8.55, 111.90, 8.00, 64.00,  ,  ,  , 1.5
17:16:43, 2251, 2171, 78130, 9.60, 135.70, 8.01, 64.05,  , 41.450878, 1.963432, 1.6
17:16:45, 2256, 2176, 78086, 8.15, 135.20, 7.98, 64.15,  ,  ,  , 1.6
17:16:46, 2258, 2178, 78064, 10.30, 120.00, 7.99, 64.20,  , 41.450735, 1.963702, 1.7
17:16:48, 2262, 2182, 78029, 10.60, 127.00, 7.98, 64.30,  ,  ,  , 1.6
17:16:49, 2264, 2184, 78012, 6.65, 109.30, 7.95, 64.30, 22.75, 41.450597, 1.963962, 1.7
17:16:51, 2266, 2186, 77990, 9.75, 113.50, 7.91, 64.30,  ,  ,  , 1.8
17:16:52, 2267, 2187, 77980, 7.55, 137.50, 7.86, 64.35,  , 41.450457, 1.964230, 1.8
17:16:55, 2273, 2193, 77926, 11.00, 130.80, 7.82, 64.50,  , 41.450307, 1.964495, 1.8
17:16:56, 2275, 2195, 77908, 7.95, 112.70, 7.80, 64.60,  ,  ,  , 1.8
17:16:57, 2277, 2197, 77891, 9.60, 134.50, 7.80, 64.65,  ,  ,  , 1.7
17:16:58, 2279, 2199, 77874, 9.65, 117.40, 7.74, 64.70,  , 41.450163, 1.964768, 1.7
17:16:59, 2281, 2201, 77856, 7.50, 133.40, 7.71, 64.75,  ,  ,  , 1.7
17:17:00, 2282, 2202, 77838, 11.45, 120.80, 7.69, 64.75,  ,  ,  , 1.7
17:17:01, 2284, 2204, 77820, 6.90, 120.30, 7.66, 64.80,  , 41.450032, 1.965038, 1.7
17:17:02, 2287, 2207, 77799, 11.35, 131.70, 7.63, 64.85,  ,  ,  , 1.7
17:17:03, 2289, 2209, 77779, 7.95, 103.20, 7.57, 64.90,  ,  ,  , 1.9
17:17:04, 2291, 2211, 77760, 10.60, 140.80, 7.53, 64.90,  , 41.449890, 1.965312, 1.9
17:17:05, 2292, 2212, 77744, 9.10, 105.90, 7.47, 65.00,  ,  ,  , 1.9
17:17:06, 2294, 2214, 77729, 9.35, 138.70, 7.42, 65.05,  ,  ,  , 1.9
17:17:07, 2296, 2216, 77714, 10.20, 114.00, 7.37, 65.20,  , 41.449747, 1.965592, 1.9
17:17:08, 2297, 2217, 77697, 7.30, 134.10, 7.31, 65.25,  ,  ,  , 1.9
17:17:09, 2299, 2219, 77680, 11.50, 112.70, 7.23, 65.35,  ,  ,  , 1.9
17:17:10, 2301, 2221, 77664, 7.40, 134.80, 7.18, 65.45,  , 41.449615, 1.965873, 1.9
17:17:11, 2303, 2223, 77647, 7.35, 134.80, 7.12, 65.60,  ,  ,  , 1.8
17:17:12, 2304, 2224, 77631, 8.30, 125.10, 7.08, 65.75,  ,  ,  , 1.8
17:17:13, 2306, 2226, 77616, 9.55, 132.50, 7.04, 65.95,  , 41.449472, 1.966133, 1.8
17:17:14, 2308, 2228, 77601, 8.50, 108.90, 7.00, 66.15,  ,  ,  , 1.8
17:17:15, 2309, 2229, 77586, 9.80, 139.70, 6.96, 66.30,  ,  ,  , 1.7
17:17:16, 2311, 2231, 77572, 8.30, 115.70, 6.94, 66.50, 21.25, 41.449332, 1.966397, 1.7
17:17:17, 2312, 2232, 77559, 10.30, 124.20, 6.91, 66.60,  ,  ,  , 1.6
17:17:18, 2313, 2233, 77546, 8.30, 130.80, 6.88, 66.75,  ,  ,  , 1.6
17:17:19, 2315, 2235, 77534, 9.70, 115.10, 6.85, 66.90,  , 41.449192, 1.966677, 1.6
17:17:20, 2317, 2237, 77517, 8.25, 143.40, 6.83, 67.00,  ,  ,  , 1.6
17:17:21, 2318, 2238, 77502, 10.35, 112.50, 6.81, 67.10,  ,  ,  , 1.6
17:17:22, 2320, 2240, 77488, 8.35, 129.00, 6.78, 67.25,  , 41.449047, 1.966945, 1.5
17:17:24, 2323, 2243, 77457, 10.00, 116.70, 6.75, 67.45,  ,  ,  , 1.5
17:17:25, 2325, 2245, 77442, 7.20, 140.60, 6.73, 67.60,  , 41.448897, 1.967198, 1.5
17:17:26, 2326, 2246, 77427, 12.30, 120.10, 6.72, 67.70,  ,  ,  , 1.5
17:17:27, 2328, 2248, 77412, 6.40, 128.00, 6.70, 67.75,  ,  ,  , 1.5
17:17:28, 2329, 2249, 77398, 10.80, 127.60, 6.68, 67.85,  , 41.448750, 1.967467, 1.5
17:17:30, 2331, 2251, 77382, 7.15, 113.40, 6.67, 67.90,  ,  ,  , 1.5
17:17:31, 2332, 2252, 77368, 9.95, 143.00, 6.65, 68.00,  ,  ,  , 1.6
17:17:32, 2334, 2254, 77354, 8.70, 103.00, 6.64, 68.10,  , 41.448615, 1.967723, 1.6
17:17:41, 2351, 2271, 77192, 7.20, 122.40, 6.46, 68.85,  ,  ,  , 1.7
17:17:42, 2353, 2273, 77176, 11.90, 120.90, 6.45, 68.90,  ,  ,  , 1.7
17:17:43, 2355, 2275, 77160, 7.25, 132.70, 6.44, 69.00, 19.50, 41.448045, 1.968780, 1.7
17:17:44, 2357, 2277, 77142, 10.75, 112.40, 6.41, 69.05,  ,  ,  , 1.8
17:17:45, 2358, 2278, 77125, 8.80, 141.60, 6.37, 69.10,  ,  ,  , 1.8
17:17:46, 2360, 2280, 77108, 8.80, 102.50, 6.35, 69.20,  , 41.447913, 1.969043, 1.8
17:17:47, 2362, 2282, 77092, 10.20, 140.10, 6.34, 69.25,  ,  ,  , 1.8
17:17:48, 2364, 2284, 77076, 7.60, 107.60, 6.31, 69.30,  ,  ,  , 1.8
17:17:49, 2365, 2285, 77060, 11.30, 132.20, 6.30, 69.45,  , 41.447778, 1.969310, 1.8
17:17:50, 2367, 2287, 77046, 6.20, 111.40, 6.29, 69.55,  ,  ,  , 1.7
17:17:51, 2368, 2288, 77032, 11.40, 122.70, 6.27, 69.60,  ,  ,  , 1.7
17:17:52, 2370, 2290, 77018, 5.55, 128.60, 6.24, 69.65,  , 41.447650, 1.969570, 1.7
17:17:54, 2373, 2293, 76987, 7.00, 140.60, 6.23, 69.75,  ,  ,  , 1.7
17:17:55, 2375, 2295, 76972, 10.20, 110.00, 6.23, 69.85,  , 41.447522, 1.969825, 1.7
17:17:56, 2376, 2296, 76957, 8.35, 139.70, 6.21, 69.90,  ,  ,  , 1.7
17:17:57, 2378, 2298, 76942, 8.70, 108.40, 6.20, 69.95,  ,  ,  , 1.6
17:17:58, 2380, 2300, 76928, 10.25, 136.10, 6.19, 69.95,  , 41.447388, 1.970095, 1.6
17:17:59, 2381, 2301, 76913, 7.30, 110.10, 6.17, 70.00,  ,  ,  , 1.6
17:18:00, 2383, 2303, 76898, 11.10, 128.30, 6.15, 70.05,  ,  ,  , 1.6
17:18:01, 2384, 2304, 76884, 5.95, 123.30, 6.15, 70.05,  , 41.447255, 1.970360, 1.6
17:18:02, 2386, 2306, 76864, 11.10, 117.00, 6.13, 70.05,  ,  ,  , 1.6
17:18:03, 2388, 2308, 76846, 7.40, 140.80, 6.12, 70.10,  ,  ,  , 1.7
17:18:04, 2390, 2310, 76828, 9.75, 105.40, 6.11, 70.15,  , 41.447133, 1.970625, 1.7
17:18:05, 2392, 2312, 76813, 8.65, 143.40, 6.08, 70.20,  ,  ,  , 1.7
17:18:06, 2393, 2313, 76798, 9.30, 106.10, 6.06, 70.25,  ,  ,  , 1.7
17:18:07, 2395, 2315, 76784, 8.75, 130.50, 6.06, 70.30,  , 41.447008, 1.970893, 1.7
17:18:08, 2397, 2317, 76766, 8.30, 125.00, 6.04, 70.35,  ,  ,  , 1.7
17:18:09, 2399, 2319, 76749, 10.55, 118.60, 6.02, 70.40,  ,  ,  , 1.7
17:18:10, 2401, 2321, 76732, 6.90, 129.50, 6.00, 70.45, 18.00, 41.446875, 1.971160, 1.7
17:18:11, 2402, 2322, 76718, 10.55, 120.90, 5.99, 70.50,  ,  ,  , 1.7
17:18:12, 2404, 2324, 76705, 8.05, 127.40, 5.97, 70.55,  ,  ,  , 1.7
17:18:13, 2405, 2325, 76692, 8.85, 118.50, 5.96, 70.60,  , 41.446742, 1.971422, 1.7
17:18:14, 2407, 2327, 76676, 9.90, 124.70, 5.93, 70.65,  ,  ,  , 1.7
17:18:15, 2408, 2328, 76660, 6.30, 137.10, 5.92, 70.70,  ,  ,  , 1.7
17:18:16, 2410, 2330, 76644, 11.50, 116.50, 5.90, 70.80,  , 41.446603, 1.971680, 1.7
17:18:17, 2412, 2332, 76629, 6.70, 131.80, 5.89, 70.80,  ,  ,  , 1.6
17:18:18, 2413, 2333, 76614, 8.70, 120.60, 5.88, 70.90,  ,  ,  , 1.6
17:18:19, 2415, 2335, 76600, 10.05, 125.70, 5.86, 70.95,  , 41.446473, 1.971945, 1.6
17:18:20, 2417, 2337, 76581, 6.75, 128.00, 5.86, 71.05,  ,  ,  , 1.7
17:18:21, 2419, 2339, 76562, 11.20, 116.20, 5.84, 71.10,  ,  ,  , 1.7
17:18:22, 2421, 2341, 76544, 7.15, 139.10, 5.83, 71.15,  , 41.446338, 1.972210, 1.7
17:18:23, 2422, 2342, 76530, 10.35, 115.60, 5.81, 71.20,  ,  ,  , 1.7
17:18:24, 2424, 2344, 76517, 9.75, 119.90, 5.79, 71.25,  ,  ,  , 1.7
17:18:25, 2425, 2345, 76504, 6.40, 117.90, 5.77, 71.30,  , 41.446217, 1.972488, 1.7
17:18:26, 2426, 2346, 76491, 11.55, 127.50, 5.75, 71.35,  ,  ,  , 1.7
17:18:27, 2428, 2348, 76478, 7.45, 110.50, 5.74, 71.45,  ,  ,  , 1.6
17:18:28, 2429, 2349, 76466, 8.80, 134.80, 5.72, 71.50,  , 41.446088, 1.972753, 1.6
17:18:29, 2431, 2351, 76450, 10.95, 115.70, 5.70, 71.55,  ,  ,  , 1.6
17:18:30, 2432, 2352, 76435, 6.15, 125.10, 5.69, 71.60,  ,  ,  , 1.6
17:18:31, 2434, 2354, 76420, 11.35, 119.20, 5.68, 71.65,  , 41.445958, 1.973028, 1.6
17:18:32, 2436, 2356, 76402, 7.95, 121.30, 5.66, 71.75,  ,  ,  , 1.6
17:18:33, 2438, 2358, 76386, 8.95, 129.50, 5.63, 71.80,  ,  ,  , 1.6
17:18:34, 2440, 2360, 76370, 9.65, 110.00, 5.62, 71.85,  , 41.445830, 1.973305, 1.6
17:18:35, 2441, 2361, 76356, 8.10, 135.00, 5.59, 71.90,  ,  ,  , 1.5
17:18:36, 2442, 2362, 76343, 10.65, 111.50, 5.58, 72.00,  ,  ,  , 1.6
17:18:37, 2444, 2364, 76330, 8.15, 135.00, 5.57, 72.05, 16.75, 41.445700, 1.973580, 1.6
17:18:39, 2448, 2368, 76290, 9.75, 121.40, 5.54, 72.20,  ,  ,  , 1.7
17:18:40, 2450, 2370, 76270, 8.05, 131.30, 5.52, 72.25,  , 41.445562, 1.973845, 1.7
17:18:41, 2452, 2372, 76253, 10.35, 109.80, 5.50, 72.35,  ,  ,  , 1.8
17:18:42, 2454, 2374, 76237, 7.20, 128.70, 5.49, 72.40,  ,  ,  , 1.8
17:18:43, 2455, 2375, 76222, 10.15, 123.20, 5.47, 72.50,  , 41.445440, 1.974115, 1.8
17:18:44, 2457, 2377, 76207, 8.80, 122.30, 5.45, 72.55,  ,  ,  , 1.8
17:18:45, 2459, 2379, 76191, 7.55, 126.60, 5.44, 72.55,  ,  ,  , 1.8
17:18:46, 2460, 2380, 76176, 11.10, 122.80, 5.42, 72.65,  , 41.445302, 1.974388, 1.7
