<?xml version="1.0" encoding="UTF-8"?>
<metadata xml:lang="es"><Esri><CreaDate>20220402</CreaDate><CreaTime>23063800</CreaTime><ArcGISFormat>1.0</ArcGISFormat><SyncOnce>TRUE</SyncOnce><DataProperties><itemProps><itemLocation><linkage Sync="TRUE">file://\\PC-GIS-1\F$\PythonScripts\articulo1\data\geo\Jubrique_AND</linkage><protocol Sync="TRUE">Local Area Network</protocol></itemLocation></itemProps><copyHistory><copy source="D:\GDrive\Fires_Analysis\España\Andalucia\2021\Jubrique_AND" dest="\\PC-GIS-1\F$\PythonScripts\articulo1\data\geo\Jubrique_AND" date="20220402" time="23063800"></copy></copyHistory></DataProperties></Esri></metadata>
